﻿{"cameraMode":{"drawMode":0,"name":"Shaded","section":"Shading Mode"},"sceneLighting":true,"audioPlay":false,"sceneViewState":{"showFog":false,"showMaterialUpdate":false,"showSkybox":true,"showFlares":false,"showImageEffects":false,"showParticleSystems":false},"in2DMode":false,"pivot":{"x":5.9083404541015629,"y":4.856665134429932,"z":0.14828109741210938},"rotation":{"x":0.05097784101963043,"y":0.0014980655396357179,"z":-0.00007645696314284578,"w":0.9986987709999085},"size":12.250064849853516,"orthographic":true}