﻿{"cameraMode":{"drawMode":0,"name":"Shaded","section":"Shading Mode"},"sceneLighting":false,"audioPlay":false,"sceneViewState":{"showFog":false,"showMaterialUpdate":false,"showSkybox":false,"showFlares":false,"showImageEffects":false,"showParticleSystems":false},"in2DMode":false,"pivot":{"x":0.7899999618530273,"y":3.4700000286102297,"z":0.0},"rotation":{"x":0.05097784101963043,"y":0.0014980655396357179,"z":-0.00007645696314284578,"w":0.9986987709999085},"size":0.8660253882408142,"orthographic":true}